Model,Threshold,TN,FP,FN,TP,Precision,Recall,F1,Kappa
Random Forest,0.1,9217,349,49,85,0.195852534562212,0.6343283582089553,0.2992957746478873,0.28418434172252616
Voting Ensemble (5-model avg),0.1,9336,230,70,64,0.21768707482993196,0.47761194029850745,0.29906542056074764,0.2855052337355455
Neural Network (ANN),0.2,9322,244,73,61,0.2,0.4552238805970149,0.27790432801822323,0.2637720995268834
Logistic Regression,0.1,9409,157,103,31,0.16489361702127658,0.23134328358208955,0.19254658385093168,0.17930788515256668
KNN (k=5),0.1,9294,272,93,41,0.13099041533546327,0.30597014925373134,0.18344519015659955,0.1673361530154167
Naive Bayes,0.1,9475,91,116,18,0.1651376146788991,0.13432835820895522,0.14814814814814814,0.1374585031582276
