eda_monetary_proxy,count,has_narrative_rate,narrative_length_median,narrative_length_mean,has_narrative_rate_pct
0,47827,0.2594141384573567,0.0,261.5900432809919,25.94
1,672,0.47172619047619047,0.0,641.172619047619,47.17
