Model,Threshold,ROC-AUC,PR-AUC,Accuracy,Balanced Accuracy,Precision,Recall,F1,Kappa,TN,FP,FN,TP
Random Forest,0.3,0.7104132110028336,0.55044699572735,0.553,0.6274362430022807,0.4438430311231394,0.9010989010989011,0.5947416137805984,0.2088607594936709,225,411,36,328
Voting Ensemble (5-model avg),0.4,0.6557338102149423,0.4978815793421229,0.583,0.6298724860045615,0.45839874411302983,0.8021978021978022,0.5834165834165834,0.22384526043062625,291,345,72,292
Neural Network (ANN),0.3,0.6108015412260696,0.4262785855344272,0.543,0.6131125164144032,0.4360385144429161,0.8708791208791209,0.5811182401466545,0.1864621606995358,226,410,47,317
Naive Bayes,0.3,0.556608093164697,0.40244029033004464,0.435,0.5428934273273895,0.3864406779661017,0.9395604395604396,0.5476381104883907,0.06568329144066676,93,543,22,342
Logistic Regression,0.3,0.5563445987974289,0.39537847390396597,0.433,0.5377963231736816,0.384,0.9230769230769231,0.5423728813559322,0.05813953488372092,97,539,28,336
KNN (k=5),0.1,0.5428156748911466,0.3875449603463445,0.389,0.5131919966825628,0.3704092339979014,0.9697802197802198,0.5360668185269551,0.01960155066622149,36,600,11,353
