Model,Threshold,ROC-AUC,PR-AUC,Accuracy,Balanced Accuracy,Precision,Recall,F1,Kappa,TN,FP,FN,TP
Random Forest,0.1,0.9574090138893656,0.21737877941899608,0.9589690721649484,0.798922489788149,0.195852534562212,0.6343283582089553,0.2992957746478873,0.28418434172252616,9217,349,49,85
Voting Ensemble (5-model avg),0.1,0.9556194045453269,0.23099459038352288,0.9690721649484536,0.7267842264737363,0.21768707482993196,0.47761194029850745,0.29906542056074764,0.2855052337355455,9336,230,70,64
Neural Network (ANN),0.2,0.9334763044489032,0.22233649160034605,0.9673195876288659,0.7148584383123063,0.2,0.4552238805970149,0.27790432801822323,0.2637720995268834,9322,244,73,61
Logistic Regression,0.1,0.7650923201263179,0.1271271720391287,0.9731958762886598,0.607465495021235,0.16489361702127658,0.23134328358208955,0.19254658385093168,0.17930788515256668,9409,157,103,31
KNN (k=5),0.1,0.6397287813493686,0.06981581037892627,0.9623711340206186,0.6387680560192972,0.13099041533546327,0.30597014925373134,0.18344519015659955,0.1673361530154167,9294,272,93,41
Naive Bayes,0.1,0.7734108050589619,0.08645066897676085,0.978659793814433,0.5624077500850337,0.1651376146788991,0.13432835820895522,0.14814814814814814,0.1374585031582276,9475,91,116,18
