Model,Accuracy,Precision,Recall,F1,ROC-AUC,PR-AUC
KNN (k=5),0.45,0.3849009900990099,0.8543956043956044,0.5307167235494881,0.5410360080171401,0.3860015165531485
Random Forest,0.645,0.6285714285714286,0.06043956043956044,0.11027568922305764,0.7104132110028336,0.55044699572735
Naive Bayes,0.633,0.45714285714285713,0.04395604395604396,0.08020050125313283,0.556608093164697,0.40244029033004464
Logistic Regression,0.63,0.42105263157894735,0.04395604395604396,0.07960199004975124,0.5563445987974289,0.39537847390396597
Voting Ensemble (5-model avg),0.645,0.7142857142857143,0.04120879120879121,0.07792207792207792,0.655651738198908,0.4967834935060068
Neural Network (ANN),0.632,0.4,0.02197802197802198,0.041666666666666664,0.6108015412260696,0.4262785855344272
